INSERT INTO navigables (id, name, description) VALUES(0, "Shopping Center", "Made to test the routing algorithm.");
INSERT INTO navigables (id, name, description) VALUES(1, "Ground Floor", "Split in two parts that are not connected.");
INSERT INTO buildings (id) VALUES(0);
INSERT INTO floors (id) VALUES(1);
INSERT INTO points (id, x, y) VALUES(13, 31900, 26200);
INSERT INTO points2navigables (point_id, navigable_id) VALUES(13, 0);
INSERT INTO points (id, x, y) VALUES(39, 13100, 17400);
INSERT INTO points2navigables (point_id, navigable_id) VALUES(39, 0);
INSERT INTO points (id, x, y) VALUES(20, 13900, 32600);
INSERT INTO points2navigables (point_id, navigable_id) VALUES(20, 0);
INSERT INTO points (id, x, y) VALUES(37, 72000, 7000);
INSERT INTO points2navigables (point_id, navigable_id) VALUES(37, 0);
INSERT INTO points (id, x, y) VALUES(33, 44300, 17400);
INSERT INTO points2navigables (point_id, navigable_id) VALUES(33, 0);
INSERT INTO points (id, x, y) VALUES(25, 29500, 43100);
INSERT INTO points2navigables (point_id, navigable_id) VALUES(25, 0);
INSERT INTO points (id, x, y) VALUES(45, 11600, 32600);
INSERT INTO points2navigables (point_id, navigable_id) VALUES(45, 0);
INSERT INTO points (id, x, y) VALUES(58, 72000, 11500);
INSERT INTO points2navigables (point_id, navigable_id) VALUES(58, 0);
INSERT INTO points (id, x, y) VALUES(3, 17900, 37400);
INSERT INTO points2navigables (point_id, navigable_id) VALUES(3, 0);
INSERT INTO points (id, x, y) VALUES(23, 29500, 17400);
INSERT INTO points2navigables (point_id, navigable_id) VALUES(23, 0);
INSERT INTO points (id, x, y) VALUES(18, 8100, 9700);
INSERT INTO points2navigables (point_id, navigable_id) VALUES(18, 0);
INSERT INTO points (id, x, y) VALUES(15, 29100, 22700);
INSERT INTO points2navigables (point_id, navigable_id) VALUES(15, 0);
INSERT INTO points (id, x, y) VALUES(0, 10200, 9700);
INSERT INTO points2navigables (point_id, navigable_id) VALUES(0, 0);
INSERT INTO points (id, x, y) VALUES(10, 30600, 25400);
INSERT INTO points2navigables (point_id, navigable_id) VALUES(10, 0);
INSERT INTO points (id, x, y) VALUES(59, 72000, 13600);
INSERT INTO points2navigables (point_id, navigable_id) VALUES(59, 0);
INSERT INTO points (id, x, y) VALUES(35, 72000, 17400);
INSERT INTO points2navigables (point_id, navigable_id) VALUES(35, 0);
INSERT INTO points (id, x, y) VALUES(36, 61600, 7000);
INSERT INTO points2navigables (point_id, navigable_id) VALUES(36, 0);
INSERT INTO points (id, x, y) VALUES(24, 27000, 38500);
INSERT INTO points2navigables (point_id, navigable_id) VALUES(24, 0);
INSERT INTO points (id, x, y) VALUES(29, 24600, 30600);
INSERT INTO points2navigables (point_id, navigable_id) VALUES(29, 0);
INSERT INTO points (id, x, y) VALUES(2, 17900, 38500);
INSERT INTO points2navigables (point_id, navigable_id) VALUES(2, 0);
INSERT INTO points (id, x, y) VALUES(41, 50500, 6800);
INSERT INTO points2navigables (point_id, navigable_id) VALUES(41, 0);
INSERT INTO points (id, x, y) VALUES(5, 28100, 29400);
INSERT INTO points2navigables (point_id, navigable_id) VALUES(5, 0);
INSERT INTO points (id, x, y) VALUES(32, 38300, 28000);
INSERT INTO points2navigables (point_id, navigable_id) VALUES(32, 0);
INSERT INTO points (id, x, y) VALUES(30, 35400, 32800);
INSERT INTO points2navigables (point_id, navigable_id) VALUES(30, 0);
INSERT INTO points (id, x, y) VALUES(4, 25900, 28200);
INSERT INTO points2navigables (point_id, navigable_id) VALUES(4, 0);
INSERT INTO points (id, x, y) VALUES(38, 8100, 17400);
INSERT INTO points2navigables (point_id, navigable_id) VALUES(38, 0);
INSERT INTO points (id, x, y) VALUES(34, 61600, 17400);
INSERT INTO points2navigables (point_id, navigable_id) VALUES(34, 0);
INSERT INTO points (id, x, y) VALUES(1, 10200, 6800);
INSERT INTO points2navigables (point_id, navigable_id) VALUES(1, 0);
INSERT INTO points (id, x, y) VALUES(7, 29100, 27700);
INSERT INTO points2navigables (point_id, navigable_id) VALUES(7, 0);
INSERT INTO points (id, x, y) VALUES(40, 8100, 6800);
INSERT INTO points2navigables (point_id, navigable_id) VALUES(40, 0);
INSERT INTO points (id, x, y) VALUES(27, 8200, 43100);
INSERT INTO points2navigables (point_id, navigable_id) VALUES(27, 0);
INSERT INTO points (id, x, y) VALUES(22, 15900, 17400);
INSERT INTO points2navigables (point_id, navigable_id) VALUES(22, 0);
INSERT INTO points (id, x, y) VALUES(28, 30800, 19900);
INSERT INTO points2navigables (point_id, navigable_id) VALUES(28, 0);
INSERT INTO points (id, x, y) VALUES(9, 30600, 28500);
INSERT INTO points2navigables (point_id, navigable_id) VALUES(9, 0);
INSERT INTO points (id, x, y) VALUES(11, 31500, 23900);
INSERT INTO points2navigables (point_id, navigable_id) VALUES(11, 0);
INSERT INTO points (id, x, y) VALUES(21, 21100, 32600);
INSERT INTO points2navigables (point_id, navigable_id) VALUES(21, 0);
INSERT INTO points (id, x, y) VALUES(44, 8200, 32600);
INSERT INTO points2navigables (point_id, navigable_id) VALUES(44, 0);
INSERT INTO edges (id) VALUES(28);
INSERT INTO points2edges (edge_id, point_id, succession) VALUES(28, 30, 0);
INSERT INTO points2edges (edge_id, point_id, succession) VALUES(28, 32, 1);
INSERT INTO edges2navigables (edge_id, navigable_id) VALUES(28, 0);
INSERT INTO edges (id) VALUES(10);
INSERT INTO points2edges (edge_id, point_id, succession) VALUES(10, 20, 0);
INSERT INTO points2edges (edge_id, point_id, succession) VALUES(10, 21, 1);
INSERT INTO edges2navigables (edge_id, navigable_id) VALUES(10, 0);
INSERT INTO edges (id) VALUES(24);
INSERT INTO points2edges (edge_id, point_id, succession) VALUES(24, 45, 0);
INSERT INTO points2edges (edge_id, point_id, succession) VALUES(24, 20, 1);
INSERT INTO edges2navigables (edge_id, navigable_id) VALUES(24, 0);
INSERT INTO edges (id) VALUES(13);
INSERT INTO points2edges (edge_id, point_id, succession) VALUES(13, 27, 0);
INSERT INTO points2edges (edge_id, point_id, succession) VALUES(13, 25, 1);
INSERT INTO edges2navigables (edge_id, navigable_id) VALUES(13, 0);
INSERT INTO edges (id) VALUES(21);
INSERT INTO points2edges (edge_id, point_id, succession) VALUES(21, 40, 0);
INSERT INTO points2edges (edge_id, point_id, succession) VALUES(21, 38, 1);
INSERT INTO edges2navigables (edge_id, navigable_id) VALUES(21, 0);
INSERT INTO edges (id) VALUES(15);
INSERT INTO points2edges (edge_id, point_id, succession) VALUES(15, 25, 0);
INSERT INTO points2edges (edge_id, point_id, succession) VALUES(15, 30, 1);
INSERT INTO edges2navigables (edge_id, navigable_id) VALUES(15, 0);
INSERT INTO edges (id) VALUES(6);
INSERT INTO points2edges (edge_id, point_id, succession) VALUES(6, 9, 0);
INSERT INTO points2edges (edge_id, point_id, succession) VALUES(6, 13, 1);
INSERT INTO edges2navigables (edge_id, navigable_id) VALUES(6, 0);
INSERT INTO edges (id) VALUES(3);
INSERT INTO points2edges (edge_id, point_id, succession) VALUES(3, 5, 0);
INSERT INTO points2edges (edge_id, point_id, succession) VALUES(3, 7, 1);
INSERT INTO edges2navigables (edge_id, navigable_id) VALUES(3, 0);
INSERT INTO edges (id) VALUES(29);
INSERT INTO points2edges (edge_id, point_id, succession) VALUES(29, 58, 0);
INSERT INTO points2edges (edge_id, point_id, succession) VALUES(29, 59, 1);
INSERT INTO edges2navigables (edge_id, navigable_id) VALUES(29, 0);
INSERT INTO edges (id) VALUES(7);
INSERT INTO points2edges (edge_id, point_id, succession) VALUES(7, 15, 0);
INSERT INTO points2edges (edge_id, point_id, succession) VALUES(7, 11, 1);
INSERT INTO edges2navigables (edge_id, navigable_id) VALUES(7, 0);
INSERT INTO edges (id) VALUES(1);
INSERT INTO points2edges (edge_id, point_id, succession) VALUES(1, 3, 0);
INSERT INTO points2edges (edge_id, point_id, succession) VALUES(1, 2, 1);
INSERT INTO edges2navigables (edge_id, navigable_id) VALUES(1, 0);
INSERT INTO edges (id) VALUES(18);
INSERT INTO points2edges (edge_id, point_id, succession) VALUES(18, 36, 0);
INSERT INTO points2edges (edge_id, point_id, succession) VALUES(18, 37, 1);
INSERT INTO edges2navigables (edge_id, navigable_id) VALUES(18, 0);
INSERT INTO edges (id) VALUES(2);
INSERT INTO points2edges (edge_id, point_id, succession) VALUES(2, 4, 0);
INSERT INTO points2edges (edge_id, point_id, succession) VALUES(2, 5, 1);
INSERT INTO edges2navigables (edge_id, navigable_id) VALUES(2, 0);
INSERT INTO edges (id) VALUES(27);
INSERT INTO points2edges (edge_id, point_id, succession) VALUES(27, 23, 0);
INSERT INTO points2edges (edge_id, point_id, succession) VALUES(27, 28, 1);
INSERT INTO edges2navigables (edge_id, navigable_id) VALUES(27, 0);
INSERT INTO edges (id) VALUES(25);
INSERT INTO points2edges (edge_id, point_id, succession) VALUES(25, 39, 0);
INSERT INTO points2edges (edge_id, point_id, succession) VALUES(25, 22, 1);
INSERT INTO edges2navigables (edge_id, navigable_id) VALUES(25, 0);
INSERT INTO edges (id) VALUES(19);
INSERT INTO points2edges (edge_id, point_id, succession) VALUES(19, 38, 0);
INSERT INTO points2edges (edge_id, point_id, succession) VALUES(19, 39, 1);
INSERT INTO edges2navigables (edge_id, navigable_id) VALUES(19, 0);
INSERT INTO edges (id) VALUES(17);
INSERT INTO points2edges (edge_id, point_id, succession) VALUES(17, 34, 0);
INSERT INTO points2edges (edge_id, point_id, succession) VALUES(17, 35, 1);
INSERT INTO edges2navigables (edge_id, navigable_id) VALUES(17, 0);
INSERT INTO edges (id) VALUES(26);
INSERT INTO points2edges (edge_id, point_id, succession) VALUES(26, 21, 0);
INSERT INTO points2edges (edge_id, point_id, succession) VALUES(26, 29, 1);
INSERT INTO edges2navigables (edge_id, navigable_id) VALUES(26, 0);
INSERT INTO edges (id) VALUES(9);
INSERT INTO points2edges (edge_id, point_id, succession) VALUES(9, 18, 0);
INSERT INTO points2edges (edge_id, point_id, succession) VALUES(9, 0, 1);
INSERT INTO edges2navigables (edge_id, navigable_id) VALUES(9, 0);
INSERT INTO edges (id) VALUES(0);
INSERT INTO points2edges (edge_id, point_id, succession) VALUES(0, 1, 0);
INSERT INTO points2edges (edge_id, point_id, succession) VALUES(0, 0, 1);
INSERT INTO edges2navigables (edge_id, navigable_id) VALUES(0, 0);
INSERT INTO edges (id) VALUES(16);
INSERT INTO points2edges (edge_id, point_id, succession) VALUES(16, 32, 0);
INSERT INTO points2edges (edge_id, point_id, succession) VALUES(16, 33, 1);
INSERT INTO edges2navigables (edge_id, navigable_id) VALUES(16, 0);
INSERT INTO edges (id) VALUES(12);
INSERT INTO points2edges (edge_id, point_id, succession) VALUES(12, 24, 0);
INSERT INTO points2edges (edge_id, point_id, succession) VALUES(12, 25, 1);
INSERT INTO edges2navigables (edge_id, navigable_id) VALUES(12, 0);
INSERT INTO edges (id) VALUES(11);
INSERT INTO points2edges (edge_id, point_id, succession) VALUES(11, 22, 0);
INSERT INTO points2edges (edge_id, point_id, succession) VALUES(11, 23, 1);
INSERT INTO edges2navigables (edge_id, navigable_id) VALUES(11, 0);
INSERT INTO edges (id) VALUES(8);
INSERT INTO points2edges (edge_id, point_id, succession) VALUES(8, 10, 0);
INSERT INTO points2edges (edge_id, point_id, succession) VALUES(8, 13, 1);
INSERT INTO edges2navigables (edge_id, navigable_id) VALUES(8, 0);
INSERT INTO edges (id) VALUES(20);
INSERT INTO points2edges (edge_id, point_id, succession) VALUES(20, 40, 0);
INSERT INTO points2edges (edge_id, point_id, succession) VALUES(20, 41, 1);
INSERT INTO edges2navigables (edge_id, navigable_id) VALUES(20, 0);
INSERT INTO edges (id) VALUES(14);
INSERT INTO points2edges (edge_id, point_id, succession) VALUES(14, 29, 0);
INSERT INTO points2edges (edge_id, point_id, succession) VALUES(14, 28, 1);
INSERT INTO edges2navigables (edge_id, navigable_id) VALUES(14, 0);
INSERT INTO edges (id) VALUES(5);
INSERT INTO points2edges (edge_id, point_id, succession) VALUES(5, 10, 0);
INSERT INTO points2edges (edge_id, point_id, succession) VALUES(5, 11, 1);
INSERT INTO edges2navigables (edge_id, navigable_id) VALUES(5, 0);
INSERT INTO edges (id) VALUES(22);
INSERT INTO points2edges (edge_id, point_id, succession) VALUES(22, 44, 0);
INSERT INTO points2edges (edge_id, point_id, succession) VALUES(22, 45, 1);
INSERT INTO edges2navigables (edge_id, navigable_id) VALUES(22, 0);
INSERT INTO edges (id) VALUES(23);
INSERT INTO points2edges (edge_id, point_id, succession) VALUES(23, 44, 0);
INSERT INTO points2edges (edge_id, point_id, succession) VALUES(23, 27, 1);
INSERT INTO edges2navigables (edge_id, navigable_id) VALUES(23, 0);
INSERT INTO edges (id) VALUES(4);
INSERT INTO points2edges (edge_id, point_id, succession) VALUES(4, 7, 0);
INSERT INTO points2edges (edge_id, point_id, succession) VALUES(4, 9, 1);
INSERT INTO edges2navigables (edge_id, navigable_id) VALUES(4, 0);
INSERT INTO walls (id) VALUES(28);
INSERT INTO walls (id) VALUES(24);
INSERT INTO walls (id) VALUES(10);
INSERT INTO walls (id) VALUES(13);
INSERT INTO walls (id) VALUES(21);
INSERT INTO walls (id) VALUES(15);
INSERT INTO walls (id) VALUES(16);
INSERT INTO walls (id) VALUES(29);
INSERT INTO walls (id) VALUES(12);
INSERT INTO walls (id) VALUES(18);
INSERT INTO walls (id) VALUES(11);
INSERT INTO walls (id) VALUES(27);
INSERT INTO walls (id) VALUES(25);
INSERT INTO walls (id) VALUES(20);
INSERT INTO walls (id) VALUES(14);
INSERT INTO walls (id) VALUES(19);
INSERT INTO walls (id) VALUES(22);
INSERT INTO walls (id) VALUES(17);
INSERT INTO walls (id) VALUES(23);
INSERT INTO walls (id) VALUES(26);
INSERT INTO boundaries (id, duration) VALUES(8, 51);
INSERT INTO boundaries (id, duration) VALUES(9, 81);
INSERT INTO boundaries (id, duration) VALUES(0, 30);
INSERT INTO boundaries (id, duration) VALUES(5, 84);
INSERT INTO boundaries (id, duration) VALUES(6, 61);
INSERT INTO boundaries (id, duration) VALUES(3, 42);
INSERT INTO boundaries (id, duration) VALUES(7, 30);
INSERT INTO boundaries (id, duration) VALUES(4, 54);
INSERT INTO boundaries (id, duration) VALUES(1, 34);
INSERT INTO boundaries (id, duration) VALUES(2, 74);
INSERT INTO points (id, x, y) VALUES(204, 37000, 6800);
INSERT INTO points2navigables (point_id, navigable_id) VALUES(204, 1);
INSERT INTO points (id, x, y) VALUES(88, 61600, 11500);
INSERT INTO points2navigables (point_id, navigable_id) VALUES(88, 1);
INSERT INTO points (id, x, y) VALUES(223, 66300, 13600);
INSERT INTO points2navigables (point_id, navigable_id) VALUES(223, 1);
INSERT INTO points (id, x, y) VALUES(139, 23800, 12800);
INSERT INTO points2navigables (point_id, navigable_id) VALUES(139, 1);
INSERT INTO points (id, x, y) VALUES(212, 39800, 16300);
INSERT INTO points2navigables (point_id, navigable_id) VALUES(212, 1);
INSERT INTO points (id, x, y) VALUES(297, 61600, 9200);
INSERT INTO points2navigables (point_id, navigable_id) VALUES(297, 1);
INSERT INTO points (id, x, y) VALUES(234, 8100, 12500);
INSERT INTO points2navigables (point_id, navigable_id) VALUES(234, 1);
INSERT INTO points (id, x, y) VALUES(164, 27100, 12800);
INSERT INTO points2navigables (point_id, navigable_id) VALUES(164, 1);
INSERT INTO points (id, x, y) VALUES(294, 63400, 7000);
INSERT INTO points2navigables (point_id, navigable_id) VALUES(294, 1);
INSERT INTO points (id, x, y) VALUES(150, 24800, 11500);
INSERT INTO points2navigables (point_id, navigable_id) VALUES(150, 1);
INSERT INTO points (id, x, y) VALUES(68, 21400, 15200);
INSERT INTO points2navigables (point_id, navigable_id) VALUES(68, 1);
INSERT INTO points (id, x, y) VALUES(128, 20500, 43100);
INSERT INTO points2navigables (point_id, navigable_id) VALUES(128, 1);
INSERT INTO points (id, x, y) VALUES(71, 29500, 11500);
INSERT INTO points2navigables (point_id, navigable_id) VALUES(71, 1);
INSERT INTO points (id, x, y) VALUES(113, 17900, 32600);
INSERT INTO points2navigables (point_id, navigable_id) VALUES(113, 1);
INSERT INTO points (id, x, y) VALUES(80, 39800, 6800);
INSERT INTO points2navigables (point_id, navigable_id) VALUES(80, 1);
INSERT INTO points (id, x, y) VALUES(214, 43600, 18500);
INSERT INTO points2navigables (point_id, navigable_id) VALUES(214, 1);
INSERT INTO points (id, x, y) VALUES(277, 34300, 16300);
INSERT INTO points2navigables (point_id, navigable_id) VALUES(277, 1);
INSERT INTO points (id, x, y) VALUES(175, 33700, 11500);
INSERT INTO points2navigables (point_id, navigable_id) VALUES(175, 1);
INSERT INTO points (id, x, y) VALUES(241, 11600, 40800);
INSERT INTO points2navigables (point_id, navigable_id) VALUES(241, 1);
INSERT INTO points (id, x, y) VALUES(249, 22100, 34400);
INSERT INTO points2navigables (point_id, navigable_id) VALUES(249, 1);
INSERT INTO points (id, x, y) VALUES(167, 31000, 11500);
INSERT INTO points2navigables (point_id, navigable_id) VALUES(167, 1);
INSERT INTO points (id, x, y) VALUES(157, 26600, 12800);
INSERT INTO points2navigables (point_id, navigable_id) VALUES(157, 1);
INSERT INTO points (id, x, y) VALUES(117, 20500, 38500);
INSERT INTO points2navigables (point_id, navigable_id) VALUES(117, 1);
INSERT INTO points (id, x, y) VALUES(163, 30400, 32800);
INSERT INTO points2navigables (point_id, navigable_id) VALUES(163, 1);
INSERT INTO points (id, x, y) VALUES(151, 26200, 11500);
INSERT INTO points2navigables (point_id, navigable_id) VALUES(151, 1);
INSERT INTO points (id, x, y) VALUES(221, 61600, 13600);
INSERT INTO points2navigables (point_id, navigable_id) VALUES(221, 1);
INSERT INTO points (id, x, y) VALUES(127, 23800, 38500);
INSERT INTO points2navigables (point_id, navigable_id) VALUES(127, 1);
INSERT INTO points (id, x, y) VALUES(184, 33700, 24100);
INSERT INTO points2navigables (point_id, navigable_id) VALUES(184, 1);
INSERT INTO points (id, x, y) VALUES(70, 29500, 12800);
INSERT INTO points2navigables (point_id, navigable_id) VALUES(70, 1);
INSERT INTO points (id, x, y) VALUES(176, 31000, 31800);
INSERT INTO points2navigables (point_id, navigable_id) VALUES(176, 1);
INSERT INTO points (id, x, y) VALUES(91, 73100, 13600);
INSERT INTO points2navigables (point_id, navigable_id) VALUES(91, 1);
INSERT INTO points (id, x, y) VALUES(92, 73100, 11500);
INSERT INTO points2navigables (point_id, navigable_id) VALUES(92, 1);
INSERT INTO points (id, x, y) VALUES(78, 39800, 13200);
INSERT INTO points2navigables (point_id, navigable_id) VALUES(78, 1);
INSERT INTO points (id, x, y) VALUES(182, 31600, 30700);
INSERT INTO points2navigables (point_id, navigable_id) VALUES(182, 1);
INSERT INTO points (id, x, y) VALUES(87, 47400, 6800);
INSERT INTO points2navigables (point_id, navigable_id) VALUES(87, 1);
INSERT INTO points (id, x, y) VALUES(129, 20500, 40200);
INSERT INTO points2navigables (point_id, navigable_id) VALUES(129, 1);
INSERT INTO points (id, x, y) VALUES(120, 18700, 11500);
INSERT INTO points2navigables (point_id, navigable_id) VALUES(120, 1);
INSERT INTO points (id, x, y) VALUES(96, 10400, 34800);
INSERT INTO points2navigables (point_id, navigable_id) VALUES(96, 1);
INSERT INTO points (id, x, y) VALUES(236, 10400, 39000);
INSERT INTO points2navigables (point_id, navigable_id) VALUES(236, 1);
INSERT INTO points (id, x, y) VALUES(63, 17900, 34800);
INSERT INTO points2navigables (point_id, navigable_id) VALUES(63, 1);
INSERT INTO points (id, x, y) VALUES(146, 23800, 40200);
INSERT INTO points2navigables (point_id, navigable_id) VALUES(146, 1);
INSERT INTO points (id, x, y) VALUES(67, 21400, 9700);
INSERT INTO points2navigables (point_id, navigable_id) VALUES(67, 1);
INSERT INTO points (id, x, y) VALUES(225, 66300, 9100);
INSERT INTO points2navigables (point_id, navigable_id) VALUES(225, 1);
INSERT INTO points (id, x, y) VALUES(118, 17900, 43100);
INSERT INTO points2navigables (point_id, navigable_id) VALUES(118, 1);
INSERT INTO points (id, x, y) VALUES(115, 23800, 37400);
INSERT INTO points2navigables (point_id, navigable_id) VALUES(115, 1);
INSERT INTO points (id, x, y) VALUES(76, 37600, 20100);
INSERT INTO points2navigables (point_id, navigable_id) VALUES(76, 1);
INSERT INTO points (id, x, y) VALUES(295, 63400, 9200);
INSERT INTO points2navigables (point_id, navigable_id) VALUES(295, 1);
INSERT INTO points (id, x, y) VALUES(189, 36100, 12800);
INSERT INTO points2navigables (point_id, navigable_id) VALUES(189, 1);
INSERT INTO points (id, x, y) VALUES(122, 20500, 32600);
INSERT INTO points2navigables (point_id, navigable_id) VALUES(122, 1);
INSERT INTO points (id, x, y) VALUES(103, 12600, 17400);
INSERT INTO points2navigables (point_id, navigable_id) VALUES(103, 1);
INSERT INTO points (id, x, y) VALUES(131, 24100, 11500);
INSERT INTO points2navigables (point_id, navigable_id) VALUES(131, 1);
INSERT INTO points (id, x, y) VALUES(97, 10400, 40800);
INSERT INTO points2navigables (point_id, navigable_id) VALUES(97, 1);
INSERT INTO points (id, x, y) VALUES(60, 12600, 12500);
INSERT INTO points2navigables (point_id, navigable_id) VALUES(60, 1);
INSERT INTO points (id, x, y) VALUES(220, 64700, 13600);
INSERT INTO points2navigables (point_id, navigable_id) VALUES(220, 1);
INSERT INTO points (id, x, y) VALUES(141, 23800, 17400);
INSERT INTO points2navigables (point_id, navigable_id) VALUES(141, 1);
INSERT INTO points (id, x, y) VALUES(260, 24600, 34400);
INSERT INTO points2navigables (point_id, navigable_id) VALUES(260, 1);
INSERT INTO points (id, x, y) VALUES(226, 66300, 7000);
INSERT INTO points2navigables (point_id, navigable_id) VALUES(226, 1);
INSERT INTO points (id, x, y) VALUES(271, 32200, 15900);
INSERT INTO points2navigables (point_id, navigable_id) VALUES(271, 1);
INSERT INTO points (id, x, y) VALUES(210, 39500, 25700);
INSERT INTO points2navigables (point_id, navigable_id) VALUES(210, 1);
INSERT INTO points (id, x, y) VALUES(110, 17900, 35200);
INSERT INTO points2navigables (point_id, navigable_id) VALUES(110, 1);
INSERT INTO points (id, x, y) VALUES(209, 37400, 15000);
INSERT INTO points2navigables (point_id, navigable_id) VALUES(209, 1);
INSERT INTO points (id, x, y) VALUES(211, 35800, 23500);
INSERT INTO points2navigables (point_id, navigable_id) VALUES(211, 1);
INSERT INTO points (id, x, y) VALUES(123, 20500, 34400);
INSERT INTO points2navigables (point_id, navigable_id) VALUES(123, 1);
INSERT INTO points (id, x, y) VALUES(187, 37000, 11500);
INSERT INTO points2navigables (point_id, navigable_id) VALUES(187, 1);
INSERT INTO points (id, x, y) VALUES(190, 34300, 25700);
INSERT INTO points2navigables (point_id, navigable_id) VALUES(190, 1);
INSERT INTO points (id, x, y) VALUES(85, 47400, 9700);
INSERT INTO points2navigables (point_id, navigable_id) VALUES(85, 1);
INSERT INTO points (id, x, y) VALUES(136, 21400, 6800);
INSERT INTO points2navigables (point_id, navigable_id) VALUES(136, 1);
INSERT INTO points (id, x, y) VALUES(185, 34900, 24800);
INSERT INTO points2navigables (point_id, navigable_id) VALUES(185, 1);
INSERT INTO points (id, x, y) VALUES(200, 36100, 22900);
INSERT INTO points2navigables (point_id, navigable_id) VALUES(200, 1);
INSERT INTO points (id, x, y) VALUES(148, 24700, 38500);
INSERT INTO points2navigables (point_id, navigable_id) VALUES(148, 1);
INSERT INTO points (id, x, y) VALUES(69, 23800, 15200);
INSERT INTO points2navigables (point_id, navigable_id) VALUES(69, 1);
INSERT INTO points (id, x, y) VALUES(66, 17400, 9700);
INSERT INTO points2navigables (point_id, navigable_id) VALUES(66, 1);
INSERT INTO points (id, x, y) VALUES(72, 34300, 11500);
INSERT INTO points2navigables (point_id, navigable_id) VALUES(72, 1);
INSERT INTO points (id, x, y) VALUES(170, 29600, 30900);
INSERT INTO points2navigables (point_id, navigable_id) VALUES(170, 1);
INSERT INTO points (id, x, y) VALUES(262, 25500, 32400);
INSERT INTO points2navigables (point_id, navigable_id) VALUES(262, 1);
INSERT INTO points (id, x, y) VALUES(201, 39400, 16800);
INSERT INTO points2navigables (point_id, navigable_id) VALUES(201, 1);
INSERT INTO points (id, x, y) VALUES(79, 43500, 13200);
INSERT INTO points2navigables (point_id, navigable_id) VALUES(79, 1);
INSERT INTO points (id, x, y) VALUES(100, 11700, 12500);
INSERT INTO points2navigables (point_id, navigable_id) VALUES(100, 1);
INSERT INTO points (id, x, y) VALUES(305, 8100, 8800);
INSERT INTO points2navigables (point_id, navigable_id) VALUES(305, 1);
INSERT INTO points (id, x, y) VALUES(125, 20500, 39500);
INSERT INTO points2navigables (point_id, navigable_id) VALUES(125, 1);
INSERT INTO points (id, x, y) VALUES(62, 15400, 34800);
INSERT INTO points2navigables (point_id, navigable_id) VALUES(62, 1);
INSERT INTO points (id, x, y) VALUES(227, 66300, 7900);
INSERT INTO points2navigables (point_id, navigable_id) VALUES(227, 1);
INSERT INTO points (id, x, y) VALUES(108, 17400, 6800);
INSERT INTO points2navigables (point_id, navigable_id) VALUES(108, 1);
INSERT INTO points (id, x, y) VALUES(121, 21400, 11500);
INSERT INTO points2navigables (point_id, navigable_id) VALUES(121, 1);
INSERT INTO points (id, x, y) VALUES(213, 38600, 14200);
INSERT INTO points2navigables (point_id, navigable_id) VALUES(213, 1);
INSERT INTO points (id, x, y) VALUES(138, 22500, 12800);
INSERT INTO points2navigables (point_id, navigable_id) VALUES(138, 1);
INSERT INTO points (id, x, y) VALUES(155, 25800, 17400);
INSERT INTO points2navigables (point_id, navigable_id) VALUES(155, 1);
INSERT INTO points (id, x, y) VALUES(111, 20500, 35200);
INSERT INTO points2navigables (point_id, navigable_id) VALUES(111, 1);
INSERT INTO points (id, x, y) VALUES(106, 17400, 11500);
INSERT INTO points2navigables (point_id, navigable_id) VALUES(106, 1);
INSERT INTO points (id, x, y) VALUES(64, 15400, 40800);
INSERT INTO points2navigables (point_id, navigable_id) VALUES(64, 1);
INSERT INTO points (id, x, y) VALUES(237, 11600, 39000);
INSERT INTO points2navigables (point_id, navigable_id) VALUES(237, 1);
INSERT INTO points (id, x, y) VALUES(135, 22000, 12800);
INSERT INTO points2navigables (point_id, navigable_id) VALUES(135, 1);
INSERT INTO points (id, x, y) VALUES(195, 35100, 24400);
INSERT INTO points2navigables (point_id, navigable_id) VALUES(195, 1);
INSERT INTO points (id, x, y) VALUES(83, 43500, 9700);
INSERT INTO points2navigables (point_id, navigable_id) VALUES(83, 1);
INSERT INTO points (id, x, y) VALUES(199, 37000, 14200);
INSERT INTO points2navigables (point_id, navigable_id) VALUES(199, 1);
INSERT INTO points (id, x, y) VALUES(133, 21400, 17400);
INSERT INTO points2navigables (point_id, navigable_id) VALUES(133, 1);
INSERT INTO points (id, x, y) VALUES(173, 34100, 35000);
INSERT INTO points2navigables (point_id, navigable_id) VALUES(173, 1);
INSERT INTO points (id, x, y) VALUES(302, 9600, 6800);
INSERT INTO points2navigables (point_id, navigable_id) VALUES(302, 1);
INSERT INTO points (id, x, y) VALUES(147, 23800, 43100);
INSERT INTO points2navigables (point_id, navigable_id) VALUES(147, 1);
INSERT INTO points (id, x, y) VALUES(143, 24200, 12800);
INSERT INTO points2navigables (point_id, navigable_id) VALUES(143, 1);
INSERT INTO points (id, x, y) VALUES(145, 23800, 39500);
INSERT INTO points2navigables (point_id, navigable_id) VALUES(145, 1);
INSERT INTO points (id, x, y) VALUES(222, 66300, 10000);
INSERT INTO points2navigables (point_id, navigable_id) VALUES(222, 1);
INSERT INTO points (id, x, y) VALUES(303, 9600, 8800);
INSERT INTO points2navigables (point_id, navigable_id) VALUES(303, 1);
INSERT INTO points (id, x, y) VALUES(65, 17900, 40800);
INSERT INTO points2navigables (point_id, navigable_id) VALUES(65, 1);
INSERT INTO points (id, x, y) VALUES(75, 29500, 15200);
INSERT INTO points2navigables (point_id, navigable_id) VALUES(75, 1);
INSERT INTO points (id, x, y) VALUES(77, 41500, 22300);
INSERT INTO points2navigables (point_id, navigable_id) VALUES(77, 1);
INSERT INTO points (id, x, y) VALUES(203, 38100, 13400);
INSERT INTO points2navigables (point_id, navigable_id) VALUES(203, 1);
INSERT INTO points (id, x, y) VALUES(171, 26300, 36500);
INSERT INTO points2navigables (point_id, navigable_id) VALUES(171, 1);
INSERT INTO points (id, x, y) VALUES(153, 25800, 12800);
INSERT INTO points2navigables (point_id, navigable_id) VALUES(153, 1);
INSERT INTO points (id, x, y) VALUES(61, 21400, 12800);
INSERT INTO points2navigables (point_id, navigable_id) VALUES(61, 1);
INSERT INTO points (id, x, y) VALUES(159, 28800, 11500);
INSERT INTO points2navigables (point_id, navigable_id) VALUES(159, 1);
INSERT INTO points (id, x, y) VALUES(235, 11100, 12500);
INSERT INTO points2navigables (point_id, navigable_id) VALUES(235, 1);
INSERT INTO points (id, x, y) VALUES(73, 34300, 15200);
INSERT INTO points2navigables (point_id, navigable_id) VALUES(73, 1);
INSERT INTO points (id, x, y) VALUES(179, 30900, 32100);
INSERT INTO points2navigables (point_id, navigable_id) VALUES(179, 1);
INSERT INTO points (id, x, y) VALUES(180, 31000, 6800);
INSERT INTO points2navigables (point_id, navigable_id) VALUES(180, 1);
INSERT INTO points (id, x, y) VALUES(152, 24800, 12800);
INSERT INTO points2navigables (point_id, navigable_id) VALUES(152, 1);
INSERT INTO points (id, x, y) VALUES(89, 66300, 11500);
INSERT INTO points2navigables (point_id, navigable_id) VALUES(89, 1);
INSERT INTO points (id, x, y) VALUES(188, 34300, 12800);
INSERT INTO points2navigables (point_id, navigable_id) VALUES(188, 1);
INSERT INTO points (id, x, y) VALUES(206, 38300, 16300);
INSERT INTO points2navigables (point_id, navigable_id) VALUES(206, 1);
INSERT INTO points (id, x, y) VALUES(228, 72000, 10000);
INSERT INTO points2navigables (point_id, navigable_id) VALUES(228, 1);
INSERT INTO points (id, x, y) VALUES(107, 18100, 11500);
INSERT INTO points2navigables (point_id, navigable_id) VALUES(107, 1);
INSERT INTO points (id, x, y) VALUES(273, 33700, 18500);
INSERT INTO points2navigables (point_id, navigable_id) VALUES(273, 1);
INSERT INTO points (id, x, y) VALUES(160, 26200, 6800);
INSERT INTO points2navigables (point_id, navigable_id) VALUES(160, 1);
INSERT INTO edges (id) VALUES(59);
INSERT INTO points2edges (edge_id, point_id, succession) VALUES(59, 2, 0);
INSERT INTO points2edges (edge_id, point_id, succession) VALUES(59, 118, 1);
INSERT INTO edges2navigables (edge_id, navigable_id) VALUES(59, 1);
INSERT INTO edges (id) VALUES(84);
INSERT INTO points2edges (edge_id, point_id, succession) VALUES(84, 70, 0);
INSERT INTO points2edges (edge_id, point_id, succession) VALUES(84, 23, 1);
INSERT INTO edges2navigables (edge_id, navigable_id) VALUES(84, 1);
INSERT INTO edges (id) VALUES(68);
INSERT INTO points2edges (edge_id, point_id, succession) VALUES(68, 136, 0);
INSERT INTO points2edges (edge_id, point_id, succession) VALUES(68, 121, 1);
INSERT INTO edges2navigables (edge_id, navigable_id) VALUES(68, 1);
INSERT INTO edges (id) VALUES(95);
INSERT INTO points2edges (edge_id, point_id, succession) VALUES(95, 190, 0);
INSERT INTO points2edges (edge_id, point_id, succession) VALUES(95, 32, 1);
INSERT INTO edges2navigables (edge_id, navigable_id) VALUES(95, 1);
INSERT INTO edges (id) VALUES(98);
INSERT INTO points2edges (edge_id, point_id, succession) VALUES(98, 182, 0);
INSERT INTO points2edges (edge_id, point_id, succession) VALUES(98, 30, 1);
INSERT INTO edges2navigables (edge_id, navigable_id) VALUES(98, 1);
INSERT INTO edges (id) VALUES(137);
INSERT INTO points2edges (edge_id, point_id, succession) VALUES(137, 163, 0);
INSERT INTO points2edges (edge_id, point_id, succession) VALUES(137, 179, 1);
INSERT INTO edges2navigables (edge_id, navigable_id) VALUES(137, 1);
INSERT INTO edges (id) VALUES(121);
INSERT INTO points2edges (edge_id, point_id, succession) VALUES(121, 107, 0);
INSERT INTO points2edges (edge_id, point_id, succession) VALUES(121, 120, 1);
INSERT INTO edges2navigables (edge_id, navigable_id) VALUES(121, 1);
INSERT INTO edges (id) VALUES(47);
INSERT INTO points2edges (edge_id, point_id, succession) VALUES(47, 92, 0);
INSERT INTO points2edges (edge_id, point_id, succession) VALUES(47, 91, 1);
INSERT INTO edges2navigables (edge_id, navigable_id) VALUES(47, 1);
INSERT INTO edges (id) VALUES(52);
INSERT INTO points2edges (edge_id, point_id, succession) VALUES(52, 96, 0);
INSERT INTO points2edges (edge_id, point_id, succession) VALUES(52, 62, 1);
INSERT INTO edges2navigables (edge_id, navigable_id) VALUES(52, 1);
INSERT INTO edges (id) VALUES(125);
INSERT INTO points2edges (edge_id, point_id, succession) VALUES(125, 135, 0);
INSERT INTO points2edges (edge_id, point_id, succession) VALUES(125, 138, 1);
INSERT INTO edges2navigables (edge_id, navigable_id) VALUES(125, 1);
INSERT INTO edges (id) VALUES(90);
INSERT INTO points2edges (edge_id, point_id, succession) VALUES(90, 180, 0);
INSERT INTO points2edges (edge_id, point_id, succession) VALUES(90, 167, 1);
INSERT INTO edges2navigables (edge_id, navigable_id) VALUES(90, 1);
INSERT INTO edges (id) VALUES(74);
INSERT INTO points2edges (edge_id, point_id, succession) VALUES(74, 148, 0);
INSERT INTO points2edges (edge_id, point_id, succession) VALUES(74, 24, 1);
INSERT INTO edges2navigables (edge_id, navigable_id) VALUES(74, 1);
INSERT INTO edges (id) VALUES(43);
INSERT INTO points2edges (edge_id, point_id, succession) VALUES(43, 87, 0);
INSERT INTO points2edges (edge_id, point_id, succession) VALUES(43, 85, 1);
INSERT INTO edges2navigables (edge_id, navigable_id) VALUES(43, 1);
INSERT INTO edges (id) VALUES(136);
INSERT INTO points2edges (edge_id, point_id, succession) VALUES(136, 28, 0);
INSERT INTO points2edges (edge_id, point_id, succession) VALUES(136, 273, 1);
INSERT INTO edges2navigables (edge_id, navigable_id) VALUES(136, 1);
INSERT INTO edges (id) VALUES(92);
INSERT INTO points2edges (edge_id, point_id, succession) VALUES(92, 184, 0);
INSERT INTO points2edges (edge_id, point_id, succession) VALUES(92, 185, 1);
INSERT INTO edges2navigables (edge_id, navigable_id) VALUES(92, 1);
INSERT INTO edges (id) VALUES(34);
INSERT INTO points2edges (edge_id, point_id, succession) VALUES(34, 68, 0);
INSERT INTO points2edges (edge_id, point_id, succession) VALUES(34, 69, 1);
INSERT INTO edges2navigables (edge_id, navigable_id) VALUES(34, 1);
INSERT INTO edges (id) VALUES(44);
INSERT INTO points2edges (edge_id, point_id, succession) VALUES(44, 88, 0);
INSERT INTO points2edges (edge_id, point_id, succession) VALUES(44, 89, 1);
INSERT INTO edges2navigables (edge_id, navigable_id) VALUES(44, 1);
INSERT INTO edges (id) VALUES(49);
INSERT INTO points2edges (edge_id, point_id, succession) VALUES(49, 97, 0);
INSERT INTO points2edges (edge_id, point_id, succession) VALUES(49, 64, 1);
INSERT INTO edges2navigables (edge_id, navigable_id) VALUES(49, 1);
INSERT INTO edges (id) VALUES(145);
INSERT INTO points2edges (edge_id, point_id, succession) VALUES(145, 203, 0);
INSERT INTO points2edges (edge_id, point_id, succession) VALUES(145, 213, 1);
INSERT INTO edges2navigables (edge_id, navigable_id) VALUES(145, 1);
INSERT INTO edges (id) VALUES(105);
INSERT INTO points2edges (edge_id, point_id, succession) VALUES(105, 211, 0);
INSERT INTO points2edges (edge_id, point_id, succession) VALUES(105, 210, 1);
INSERT INTO edges2navigables (edge_id, navigable_id) VALUES(105, 1);
INSERT INTO edges (id) VALUES(104);
INSERT INTO points2edges (edge_id, point_id, succession) VALUES(104, 209, 0);
INSERT INTO points2edges (edge_id, point_id, succession) VALUES(104, 206, 1);
INSERT INTO edges2navigables (edge_id, navigable_id) VALUES(104, 1);
INSERT INTO edges (id) VALUES(124);
INSERT INTO points2edges (edge_id, point_id, succession) VALUES(124, 21, 0);
INSERT INTO points2edges (edge_id, point_id, succession) VALUES(124, 249, 1);
INSERT INTO edges2navigables (edge_id, navigable_id) VALUES(124, 1);
INSERT INTO edges (id) VALUES(112);
INSERT INTO points2edges (edge_id, point_id, succession) VALUES(112, 225, 0);
INSERT INTO points2edges (edge_id, point_id, succession) VALUES(112, 222, 1);
INSERT INTO edges2navigables (edge_id, navigable_id) VALUES(112, 1);
INSERT INTO edges (id) VALUES(76);
INSERT INTO points2edges (edge_id, point_id, succession) VALUES(76, 152, 0);
INSERT INTO points2edges (edge_id, point_id, succession) VALUES(76, 153, 1);
INSERT INTO edges2navigables (edge_id, navigable_id) VALUES(76, 1);
INSERT INTO edges (id) VALUES(143);
INSERT INTO points2edges (edge_id, point_id, succession) VALUES(143, 211, 0);
INSERT INTO points2edges (edge_id, point_id, succession) VALUES(143, 200, 1);
INSERT INTO edges2navigables (edge_id, navigable_id) VALUES(143, 1);
INSERT INTO edges (id) VALUES(77);
INSERT INTO points2edges (edge_id, point_id, succession) VALUES(77, 153, 0);
INSERT INTO points2edges (edge_id, point_id, succession) VALUES(77, 155, 1);
INSERT INTO edges2navigables (edge_id, navigable_id) VALUES(77, 1);
INSERT INTO edges (id) VALUES(114);
INSERT INTO points2edges (edge_id, point_id, succession) VALUES(114, 222, 0);
INSERT INTO points2edges (edge_id, point_id, succession) VALUES(114, 228, 1);
INSERT INTO edges2navigables (edge_id, navigable_id) VALUES(114, 1);
INSERT INTO edges (id) VALUES(58);
INSERT INTO points2edges (edge_id, point_id, succession) VALUES(58, 2, 0);
INSERT INTO points2edges (edge_id, point_id, succession) VALUES(58, 117, 1);
INSERT INTO edges2navigables (edge_id, navigable_id) VALUES(58, 1);
INSERT INTO edges (id) VALUES(86);
INSERT INTO points2edges (edge_id, point_id, succession) VALUES(86, 163, 0);
INSERT INTO points2edges (edge_id, point_id, succession) VALUES(86, 173, 1);
INSERT INTO edges2navigables (edge_id, navigable_id) VALUES(86, 1);
INSERT INTO edges (id) VALUES(120);
INSERT INTO points2edges (edge_id, point_id, succession) VALUES(120, 237, 0);
INSERT INTO points2edges (edge_id, point_id, succession) VALUES(120, 241, 1);
INSERT INTO edges2navigables (edge_id, navigable_id) VALUES(120, 1);
INSERT INTO edges (id) VALUES(69);
INSERT INTO points2edges (edge_id, point_id, succession) VALUES(69, 138, 0);
INSERT INTO points2edges (edge_id, point_id, succession) VALUES(69, 139, 1);
INSERT INTO edges2navigables (edge_id, navigable_id) VALUES(69, 1);
INSERT INTO edges (id) VALUES(67);
INSERT INTO points2edges (edge_id, point_id, succession) VALUES(67, 61, 0);
INSERT INTO points2edges (edge_id, point_id, succession) VALUES(67, 135, 1);
INSERT INTO edges2navigables (edge_id, navigable_id) VALUES(67, 1);
INSERT INTO edges (id) VALUES(126);
INSERT INTO points2edges (edge_id, point_id, succession) VALUES(126, 127, 0);
INSERT INTO points2edges (edge_id, point_id, succession) VALUES(126, 148, 1);
INSERT INTO edges2navigables (edge_id, navigable_id) VALUES(126, 1);
INSERT INTO edges (id) VALUES(55);
INSERT INTO points2edges (edge_id, point_id, succession) VALUES(55, 110, 0);
INSERT INTO points2edges (edge_id, point_id, succession) VALUES(55, 111, 1);
INSERT INTO edges2navigables (edge_id, navigable_id) VALUES(55, 1);
INSERT INTO edges (id) VALUES(35);
INSERT INTO points2edges (edge_id, point_id, succession) VALUES(35, 71, 0);
INSERT INTO points2edges (edge_id, point_id, succession) VALUES(35, 70, 1);
INSERT INTO edges2navigables (edge_id, navigable_id) VALUES(35, 1);
INSERT INTO edges (id) VALUES(53);
INSERT INTO points2edges (edge_id, point_id, succession) VALUES(53, 106, 0);
INSERT INTO points2edges (edge_id, point_id, succession) VALUES(53, 107, 1);
INSERT INTO edges2navigables (edge_id, navigable_id) VALUES(53, 1);
INSERT INTO edges (id) VALUES(140);
INSERT INTO points2edges (edge_id, point_id, succession) VALUES(140, 273, 0);
INSERT INTO points2edges (edge_id, point_id, succession) VALUES(140, 277, 1);
INSERT INTO edges2navigables (edge_id, navigable_id) VALUES(140, 1);
INSERT INTO edges (id) VALUES(113);
INSERT INTO points2edges (edge_id, point_id, succession) VALUES(113, 226, 0);
INSERT INTO points2edges (edge_id, point_id, succession) VALUES(113, 227, 1);
INSERT INTO edges2navigables (edge_id, navigable_id) VALUES(113, 1);
INSERT INTO edges (id) VALUES(122);
INSERT INTO points2edges (edge_id, point_id, succession) VALUES(122, 123, 0);
INSERT INTO points2edges (edge_id, point_id, succession) VALUES(122, 111, 1);
INSERT INTO edges2navigables (edge_id, navigable_id) VALUES(122, 1);
INSERT INTO edges (id) VALUES(61);
INSERT INTO points2edges (edge_id, point_id, succession) VALUES(61, 122, 0);
INSERT INTO points2edges (edge_id, point_id, succession) VALUES(61, 123, 1);
INSERT INTO edges2navigables (edge_id, navigable_id) VALUES(61, 1);
INSERT INTO edges (id) VALUES(101);
INSERT INTO points2edges (edge_id, point_id, succession) VALUES(101, 187, 0);
INSERT INTO points2edges (edge_id, point_id, succession) VALUES(101, 203, 1);
INSERT INTO edges2navigables (edge_id, navigable_id) VALUES(101, 1);
INSERT INTO edges (id) VALUES(72);
INSERT INTO points2edges (edge_id, point_id, succession) VALUES(72, 127, 0);
INSERT INTO points2edges (edge_id, point_id, succession) VALUES(72, 145, 1);
INSERT INTO edges2navigables (edge_id, navigable_id) VALUES(72, 1);
INSERT INTO edges (id) VALUES(123);
INSERT INTO points2edges (edge_id, point_id, succession) VALUES(123, 125, 0);
INSERT INTO points2edges (edge_id, point_id, succession) VALUES(123, 129, 1);
INSERT INTO edges2navigables (edge_id, navigable_id) VALUES(123, 1);
INSERT INTO edges (id) VALUES(148);
INSERT INTO points2edges (edge_id, point_id, succession) VALUES(148, 297, 0);
INSERT INTO points2edges (edge_id, point_id, succession) VALUES(148, 295, 1);
INSERT INTO edges2navigables (edge_id, navigable_id) VALUES(148, 1);
INSERT INTO edges (id) VALUES(36);
INSERT INTO points2edges (edge_id, point_id, succession) VALUES(36, 72, 0);
INSERT INTO points2edges (edge_id, point_id, succession) VALUES(36, 73, 1);
INSERT INTO edges2navigables (edge_id, navigable_id) VALUES(36, 1);
INSERT INTO edges (id) VALUES(50);
INSERT INTO points2edges (edge_id, point_id, succession) VALUES(50, 100, 0);
INSERT INTO points2edges (edge_id, point_id, succession) VALUES(50, 60, 1);
INSERT INTO edges2navigables (edge_id, navigable_id) VALUES(50, 1);
INSERT INTO edges (id) VALUES(102);
INSERT INTO points2edges (edge_id, point_id, succession) VALUES(102, 204, 0);
INSERT INTO points2edges (edge_id, point_id, succession) VALUES(102, 187, 1);
INSERT INTO edges2navigables (edge_id, navigable_id) VALUES(102, 1);
INSERT INTO edges (id) VALUES(88);
INSERT INTO points2edges (edge_id, point_id, succession) VALUES(88, 170, 0);
INSERT INTO points2edges (edge_id, point_id, succession) VALUES(88, 176, 1);
INSERT INTO edges2navigables (edge_id, navigable_id) VALUES(88, 1);
INSERT INTO edges (id) VALUES(131);
INSERT INTO points2edges (edge_id, point_id, succession) VALUES(131, 29, 0);
INSERT INTO points2edges (edge_id, point_id, succession) VALUES(131, 262, 1);
INSERT INTO edges2navigables (edge_id, navigable_id) VALUES(131, 1);
INSERT INTO edges (id) VALUES(108);
INSERT INTO points2edges (edge_id, point_id, succession) VALUES(108, 33, 0);
INSERT INTO points2edges (edge_id, point_id, succession) VALUES(108, 41, 1);
INSERT INTO edges2navigables (edge_id, navigable_id) VALUES(108, 1);
INSERT INTO edges (id) VALUES(133);
INSERT INTO points2edges (edge_id, point_id, succession) VALUES(133, 157, 0);
INSERT INTO points2edges (edge_id, point_id, succession) VALUES(133, 164, 1);
INSERT INTO edges2navigables (edge_id, navigable_id) VALUES(133, 1);
INSERT INTO edges (id) VALUES(127);
INSERT INTO points2edges (edge_id, point_id, succession) VALUES(127, 145, 0);
INSERT INTO points2edges (edge_id, point_id, succession) VALUES(127, 146, 1);
INSERT INTO edges2navigables (edge_id, navigable_id) VALUES(127, 1);
INSERT INTO edges (id) VALUES(48);
INSERT INTO points2edges (edge_id, point_id, succession) VALUES(48, 96, 0);
INSERT INTO points2edges (edge_id, point_id, succession) VALUES(48, 97, 1);
INSERT INTO edges2navigables (edge_id, navigable_id) VALUES(48, 1);
INSERT INTO edges (id) VALUES(152);
INSERT INTO points2edges (edge_id, point_id, succession) VALUES(152, 305, 0);
INSERT INTO points2edges (edge_id, point_id, succession) VALUES(152, 303, 1);
INSERT INTO edges2navigables (edge_id, navigable_id) VALUES(152, 1);
INSERT INTO edges (id) VALUES(56);
INSERT INTO points2edges (edge_id, point_id, succession) VALUES(56, 113, 0);
INSERT INTO points2edges (edge_id, point_id, succession) VALUES(56, 3, 1);
INSERT INTO edges2navigables (edge_id, navigable_id) VALUES(56, 1);
INSERT INTO edges (id) VALUES(66);
INSERT INTO points2edges (edge_id, point_id, succession) VALUES(66, 61, 0);
INSERT INTO points2edges (edge_id, point_id, succession) VALUES(66, 133, 1);
INSERT INTO edges2navigables (edge_id, navigable_id) VALUES(66, 1);
INSERT INTO edges (id) VALUES(70);
INSERT INTO points2edges (edge_id, point_id, succession) VALUES(70, 139, 0);
INSERT INTO points2edges (edge_id, point_id, succession) VALUES(70, 141, 1);
INSERT INTO edges2navigables (edge_id, navigable_id) VALUES(70, 1);
INSERT INTO edges (id) VALUES(80);
INSERT INTO points2edges (edge_id, point_id, succession) VALUES(80, 160, 0);
INSERT INTO points2edges (edge_id, point_id, succession) VALUES(80, 151, 1);
INSERT INTO edges2navigables (edge_id, navigable_id) VALUES(80, 1);
INSERT INTO edges (id) VALUES(94);
INSERT INTO points2edges (edge_id, point_id, succession) VALUES(94, 188, 0);
INSERT INTO points2edges (edge_id, point_id, succession) VALUES(94, 189, 1);
INSERT INTO edges2navigables (edge_id, navigable_id) VALUES(94, 1);
INSERT INTO edges (id) VALUES(64);
INSERT INTO points2edges (edge_id, point_id, succession) VALUES(64, 129, 0);
INSERT INTO points2edges (edge_id, point_id, succession) VALUES(64, 128, 1);
INSERT INTO edges2navigables (edge_id, navigable_id) VALUES(64, 1);
INSERT INTO edges (id) VALUES(150);
INSERT INTO points2edges (edge_id, point_id, succession) VALUES(150, 227, 0);
INSERT INTO points2edges (edge_id, point_id, succession) VALUES(150, 225, 1);
INSERT INTO edges2navigables (edge_id, navigable_id) VALUES(150, 1);
INSERT INTO edges (id) VALUES(57);
INSERT INTO points2edges (edge_id, point_id, succession) VALUES(57, 3, 0);
INSERT INTO points2edges (edge_id, point_id, succession) VALUES(57, 115, 1);
INSERT INTO edges2navigables (edge_id, navigable_id) VALUES(57, 1);
INSERT INTO edges (id) VALUES(99);
INSERT INTO points2edges (edge_id, point_id, succession) VALUES(99, 189, 0);
INSERT INTO points2edges (edge_id, point_id, succession) VALUES(99, 199, 1);
INSERT INTO edges2navigables (edge_id, navigable_id) VALUES(99, 1);
INSERT INTO edges (id) VALUES(107);
INSERT INTO points2edges (edge_id, point_id, succession) VALUES(107, 212, 0);
INSERT INTO points2edges (edge_id, point_id, succession) VALUES(107, 214, 1);
INSERT INTO edges2navigables (edge_id, navigable_id) VALUES(107, 1);
INSERT INTO edges (id) VALUES(116);
INSERT INTO points2edges (edge_id, point_id, succession) VALUES(116, 37, 0);
INSERT INTO points2edges (edge_id, point_id, succession) VALUES(116, 58, 1);
INSERT INTO edges2navigables (edge_id, navigable_id) VALUES(116, 1);
INSERT INTO edges (id) VALUES(85);
INSERT INTO points2edges (edge_id, point_id, succession) VALUES(85, 171, 0);
INSERT INTO points2edges (edge_id, point_id, succession) VALUES(85, 170, 1);
INSERT INTO edges2navigables (edge_id, navigable_id) VALUES(85, 1);
INSERT INTO edges (id) VALUES(31);
INSERT INTO points2edges (edge_id, point_id, succession) VALUES(31, 62, 0);
INSERT INTO points2edges (edge_id, point_id, succession) VALUES(31, 63, 1);
INSERT INTO edges2navigables (edge_id, navigable_id) VALUES(31, 1);
INSERT INTO edges (id) VALUES(109);
INSERT INTO points2edges (edge_id, point_id, succession) VALUES(109, 36, 0);
INSERT INTO points2edges (edge_id, point_id, succession) VALUES(109, 34, 1);
INSERT INTO edges2navigables (edge_id, navigable_id) VALUES(109, 1);
INSERT INTO edges (id) VALUES(149);
INSERT INTO points2edges (edge_id, point_id, succession) VALUES(149, 220, 0);
INSERT INTO points2edges (edge_id, point_id, succession) VALUES(149, 223, 1);
INSERT INTO edges2navigables (edge_id, navigable_id) VALUES(149, 1);
INSERT INTO edges (id) VALUES(144);
INSERT INTO points2edges (edge_id, point_id, succession) VALUES(144, 199, 0);
INSERT INTO points2edges (edge_id, point_id, succession) VALUES(144, 209, 1);
INSERT INTO edges2navigables (edge_id, navigable_id) VALUES(144, 1);
INSERT INTO edges (id) VALUES(130);
INSERT INTO points2edges (edge_id, point_id, succession) VALUES(130, 249, 0);
INSERT INTO points2edges (edge_id, point_id, succession) VALUES(130, 260, 1);
INSERT INTO edges2navigables (edge_id, navigable_id) VALUES(130, 1);
INSERT INTO edges (id) VALUES(141);
INSERT INTO points2edges (edge_id, point_id, succession) VALUES(141, 182, 0);
INSERT INTO points2edges (edge_id, point_id, succession) VALUES(141, 190, 1);
INSERT INTO edges2navigables (edge_id, navigable_id) VALUES(141, 1);
INSERT INTO edges (id) VALUES(54);
INSERT INTO points2edges (edge_id, point_id, succession) VALUES(54, 108, 0);
INSERT INTO points2edges (edge_id, point_id, succession) VALUES(54, 106, 1);
INSERT INTO edges2navigables (edge_id, navigable_id) VALUES(54, 1);
INSERT INTO edges (id) VALUES(96);
INSERT INTO points2edges (edge_id, point_id, succession) VALUES(96, 190, 0);
INSERT INTO points2edges (edge_id, point_id, succession) VALUES(96, 185, 1);
INSERT INTO edges2navigables (edge_id, navigable_id) VALUES(96, 1);
INSERT INTO edges (id) VALUES(119);
INSERT INTO points2edges (edge_id, point_id, succession) VALUES(119, 235, 0);
INSERT INTO points2edges (edge_id, point_id, succession) VALUES(119, 100, 1);
INSERT INTO edges2navigables (edge_id, navigable_id) VALUES(119, 1);
INSERT INTO edges (id) VALUES(147);
INSERT INTO points2edges (edge_id, point_id, succession) VALUES(147, 294, 0);
INSERT INTO points2edges (edge_id, point_id, succession) VALUES(147, 295, 1);
INSERT INTO edges2navigables (edge_id, navigable_id) VALUES(147, 1);
INSERT INTO edges (id) VALUES(132);
INSERT INTO points2edges (edge_id, point_id, succession) VALUES(132, 260, 0);
INSERT INTO points2edges (edge_id, point_id, succession) VALUES(132, 262, 1);
INSERT INTO edges2navigables (edge_id, navigable_id) VALUES(132, 1);
INSERT INTO edges (id) VALUES(110);
INSERT INTO points2edges (edge_id, point_id, succession) VALUES(110, 221, 0);
INSERT INTO points2edges (edge_id, point_id, succession) VALUES(110, 220, 1);
INSERT INTO edges2navigables (edge_id, navigable_id) VALUES(110, 1);
INSERT INTO edges (id) VALUES(138);
INSERT INTO points2edges (edge_id, point_id, succession) VALUES(138, 271, 0);
INSERT INTO points2edges (edge_id, point_id, succession) VALUES(138, 277, 1);
INSERT INTO edges2navigables (edge_id, navigable_id) VALUES(138, 1);
INSERT INTO edges (id) VALUES(63);
INSERT INTO points2edges (edge_id, point_id, succession) VALUES(63, 117, 0);
INSERT INTO points2edges (edge_id, point_id, succession) VALUES(63, 127, 1);
INSERT INTO edges2navigables (edge_id, navigable_id) VALUES(63, 1);
INSERT INTO edges (id) VALUES(151);
INSERT INTO points2edges (edge_id, point_id, succession) VALUES(151, 302, 0);
INSERT INTO points2edges (edge_id, point_id, succession) VALUES(151, 303, 1);
INSERT INTO edges2navigables (edge_id, navigable_id) VALUES(151, 1);
INSERT INTO edges (id) VALUES(41);
INSERT INTO points2edges (edge_id, point_id, succession) VALUES(41, 83, 0);
INSERT INTO points2edges (edge_id, point_id, succession) VALUES(41, 79, 1);
INSERT INTO edges2navigables (edge_id, navigable_id) VALUES(41, 1);
INSERT INTO edges (id) VALUES(42);
INSERT INTO points2edges (edge_id, point_id, succession) VALUES(42, 83, 0);
INSERT INTO points2edges (edge_id, point_id, succession) VALUES(42, 85, 1);
INSERT INTO edges2navigables (edge_id, navigable_id) VALUES(42, 1);
INSERT INTO edges (id) VALUES(100);
INSERT INTO points2edges (edge_id, point_id, succession) VALUES(100, 200, 0);
INSERT INTO points2edges (edge_id, point_id, succession) VALUES(100, 201, 1);
INSERT INTO edges2navigables (edge_id, navigable_id) VALUES(100, 1);
INSERT INTO edges (id) VALUES(91);
INSERT INTO points2edges (edge_id, point_id, succession) VALUES(91, 176, 0);
INSERT INTO points2edges (edge_id, point_id, succession) VALUES(91, 182, 1);
INSERT INTO edges2navigables (edge_id, navigable_id) VALUES(91, 1);
INSERT INTO edges (id) VALUES(115);
INSERT INTO points2edges (edge_id, point_id, succession) VALUES(115, 59, 0);
INSERT INTO points2edges (edge_id, point_id, succession) VALUES(115, 35, 1);
INSERT INTO edges2navigables (edge_id, navigable_id) VALUES(115, 1);
INSERT INTO edges (id) VALUES(128);
INSERT INTO points2edges (edge_id, point_id, succession) VALUES(128, 131, 0);
INSERT INTO points2edges (edge_id, point_id, succession) VALUES(128, 150, 1);
INSERT INTO edges2navigables (edge_id, navigable_id) VALUES(128, 1);
INSERT INTO edges (id) VALUES(37);
INSERT INTO points2edges (edge_id, point_id, succession) VALUES(37, 75, 0);
INSERT INTO points2edges (edge_id, point_id, succession) VALUES(37, 73, 1);
INSERT INTO edges2navigables (edge_id, navigable_id) VALUES(37, 1);
INSERT INTO edges (id) VALUES(33);
INSERT INTO points2edges (edge_id, point_id, succession) VALUES(33, 66, 0);
INSERT INTO points2edges (edge_id, point_id, succession) VALUES(33, 67, 1);
INSERT INTO edges2navigables (edge_id, navigable_id) VALUES(33, 1);
INSERT INTO edges (id) VALUES(129);
INSERT INTO points2edges (edge_id, point_id, succession) VALUES(129, 143, 0);
INSERT INTO points2edges (edge_id, point_id, succession) VALUES(129, 152, 1);
INSERT INTO edges2navigables (edge_id, navigable_id) VALUES(129, 1);
INSERT INTO edges (id) VALUES(142);
INSERT INTO points2edges (edge_id, point_id, succession) VALUES(142, 195, 0);
INSERT INTO points2edges (edge_id, point_id, succession) VALUES(142, 211, 1);
INSERT INTO edges2navigables (edge_id, navigable_id) VALUES(142, 1);
INSERT INTO edges (id) VALUES(134);
INSERT INTO points2edges (edge_id, point_id, succession) VALUES(134, 159, 0);
INSERT INTO points2edges (edge_id, point_id, succession) VALUES(134, 71, 1);
INSERT INTO edges2navigables (edge_id, navigable_id) VALUES(134, 1);
INSERT INTO edges (id) VALUES(75);
INSERT INTO points2edges (edge_id, point_id, succession) VALUES(75, 150, 0);
INSERT INTO points2edges (edge_id, point_id, succession) VALUES(75, 151, 1);
INSERT INTO edges2navigables (edge_id, navigable_id) VALUES(75, 1);
INSERT INTO edges (id) VALUES(79);
INSERT INTO points2edges (edge_id, point_id, succession) VALUES(79, 151, 0);
INSERT INTO points2edges (edge_id, point_id, succession) VALUES(79, 159, 1);
INSERT INTO edges2navigables (edge_id, navigable_id) VALUES(79, 1);
INSERT INTO edges (id) VALUES(45);
INSERT INTO points2edges (edge_id, point_id, succession) VALUES(45, 59, 0);
INSERT INTO points2edges (edge_id, point_id, succession) VALUES(45, 91, 1);
INSERT INTO edges2navigables (edge_id, navigable_id) VALUES(45, 1);
INSERT INTO edges (id) VALUES(78);
INSERT INTO points2edges (edge_id, point_id, succession) VALUES(78, 153, 0);
INSERT INTO points2edges (edge_id, point_id, succession) VALUES(78, 157, 1);
INSERT INTO edges2navigables (edge_id, navigable_id) VALUES(78, 1);
INSERT INTO edges (id) VALUES(111);
INSERT INTO points2edges (edge_id, point_id, succession) VALUES(111, 222, 0);
INSERT INTO points2edges (edge_id, point_id, succession) VALUES(111, 223, 1);
INSERT INTO edges2navigables (edge_id, navigable_id) VALUES(111, 1);
INSERT INTO edges (id) VALUES(146);
INSERT INTO points2edges (edge_id, point_id, succession) VALUES(146, 201, 0);
INSERT INTO points2edges (edge_id, point_id, succession) VALUES(146, 212, 1);
INSERT INTO edges2navigables (edge_id, navigable_id) VALUES(146, 1);
INSERT INTO edges (id) VALUES(71);
INSERT INTO points2edges (edge_id, point_id, succession) VALUES(71, 139, 0);
INSERT INTO points2edges (edge_id, point_id, succession) VALUES(71, 143, 1);
INSERT INTO edges2navigables (edge_id, navigable_id) VALUES(71, 1);
INSERT INTO edges (id) VALUES(51);
INSERT INTO points2edges (edge_id, point_id, succession) VALUES(51, 60, 0);
INSERT INTO points2edges (edge_id, point_id, succession) VALUES(51, 103, 1);
INSERT INTO edges2navigables (edge_id, navigable_id) VALUES(51, 1);
INSERT INTO edges (id) VALUES(82);
INSERT INTO points2edges (edge_id, point_id, succession) VALUES(82, 164, 0);
INSERT INTO points2edges (edge_id, point_id, succession) VALUES(82, 70, 1);
INSERT INTO edges2navigables (edge_id, navigable_id) VALUES(82, 1);
INSERT INTO edges (id) VALUES(30);
INSERT INTO points2edges (edge_id, point_id, succession) VALUES(30, 60, 0);
INSERT INTO points2edges (edge_id, point_id, succession) VALUES(30, 61, 1);
INSERT INTO edges2navigables (edge_id, navigable_id) VALUES(30, 1);
INSERT INTO edges (id) VALUES(139);
INSERT INTO points2edges (edge_id, point_id, succession) VALUES(139, 175, 0);
INSERT INTO points2edges (edge_id, point_id, succession) VALUES(139, 72, 1);
INSERT INTO edges2navigables (edge_id, navigable_id) VALUES(139, 1);
INSERT INTO edges (id) VALUES(39);
INSERT INTO points2edges (edge_id, point_id, succession) VALUES(39, 78, 0);
INSERT INTO points2edges (edge_id, point_id, succession) VALUES(39, 79, 1);
INSERT INTO edges2navigables (edge_id, navigable_id) VALUES(39, 1);
INSERT INTO edges (id) VALUES(118);
INSERT INTO points2edges (edge_id, point_id, succession) VALUES(118, 236, 0);
INSERT INTO points2edges (edge_id, point_id, succession) VALUES(118, 237, 1);
INSERT INTO edges2navigables (edge_id, navigable_id) VALUES(118, 1);
INSERT INTO edges (id) VALUES(62);
INSERT INTO points2edges (edge_id, point_id, succession) VALUES(62, 117, 0);
INSERT INTO points2edges (edge_id, point_id, succession) VALUES(62, 125, 1);
INSERT INTO edges2navigables (edge_id, navigable_id) VALUES(62, 1);
INSERT INTO edges (id) VALUES(106);
INSERT INTO points2edges (edge_id, point_id, succession) VALUES(106, 213, 0);
INSERT INTO points2edges (edge_id, point_id, succession) VALUES(106, 212, 1);
INSERT INTO edges2navigables (edge_id, navigable_id) VALUES(106, 1);
INSERT INTO edges (id) VALUES(135);
INSERT INTO points2edges (edge_id, point_id, succession) VALUES(135, 23, 0);
INSERT INTO points2edges (edge_id, point_id, succession) VALUES(135, 271, 1);
INSERT INTO edges2navigables (edge_id, navigable_id) VALUES(135, 1);
INSERT INTO edges (id) VALUES(87);
INSERT INTO points2edges (edge_id, point_id, succession) VALUES(87, 167, 0);
INSERT INTO points2edges (edge_id, point_id, succession) VALUES(87, 175, 1);
INSERT INTO edges2navigables (edge_id, navigable_id) VALUES(87, 1);
INSERT INTO edges (id) VALUES(97);
INSERT INTO points2edges (edge_id, point_id, succession) VALUES(97, 185, 0);
INSERT INTO points2edges (edge_id, point_id, succession) VALUES(97, 195, 1);
INSERT INTO edges2navigables (edge_id, navigable_id) VALUES(97, 1);
INSERT INTO edges (id) VALUES(32);
INSERT INTO points2edges (edge_id, point_id, succession) VALUES(32, 64, 0);
INSERT INTO points2edges (edge_id, point_id, succession) VALUES(32, 65, 1);
INSERT INTO edges2navigables (edge_id, navigable_id) VALUES(32, 1);
INSERT INTO edges (id) VALUES(38);
INSERT INTO points2edges (edge_id, point_id, succession) VALUES(38, 76, 0);
INSERT INTO points2edges (edge_id, point_id, succession) VALUES(38, 77, 1);
INSERT INTO edges2navigables (edge_id, navigable_id) VALUES(38, 1);
INSERT INTO edges (id) VALUES(103);
INSERT INTO points2edges (edge_id, point_id, succession) VALUES(103, 184, 0);
INSERT INTO points2edges (edge_id, point_id, succession) VALUES(103, 206, 1);
INSERT INTO edges2navigables (edge_id, navigable_id) VALUES(103, 1);
INSERT INTO edges (id) VALUES(73);
INSERT INTO points2edges (edge_id, point_id, succession) VALUES(73, 146, 0);
INSERT INTO points2edges (edge_id, point_id, succession) VALUES(73, 147, 1);
INSERT INTO edges2navigables (edge_id, navigable_id) VALUES(73, 1);
INSERT INTO edges (id) VALUES(89);
INSERT INTO points2edges (edge_id, point_id, succession) VALUES(89, 179, 0);
INSERT INTO points2edges (edge_id, point_id, succession) VALUES(89, 176, 1);
INSERT INTO edges2navigables (edge_id, navigable_id) VALUES(89, 1);
INSERT INTO edges (id) VALUES(65);
INSERT INTO points2edges (edge_id, point_id, succession) VALUES(65, 121, 0);
INSERT INTO points2edges (edge_id, point_id, succession) VALUES(65, 131, 1);
INSERT INTO edges2navigables (edge_id, navigable_id) VALUES(65, 1);
INSERT INTO edges (id) VALUES(40);
INSERT INTO points2edges (edge_id, point_id, succession) VALUES(40, 80, 0);
INSERT INTO points2edges (edge_id, point_id, succession) VALUES(40, 78, 1);
INSERT INTO edges2navigables (edge_id, navigable_id) VALUES(40, 1);
INSERT INTO edges (id) VALUES(93);
INSERT INTO points2edges (edge_id, point_id, succession) VALUES(93, 72, 0);
INSERT INTO points2edges (edge_id, point_id, succession) VALUES(93, 187, 1);
INSERT INTO edges2navigables (edge_id, navigable_id) VALUES(93, 1);
INSERT INTO edges (id) VALUES(117);
INSERT INTO points2edges (edge_id, point_id, succession) VALUES(117, 234, 0);
INSERT INTO points2edges (edge_id, point_id, succession) VALUES(117, 235, 1);
INSERT INTO edges2navigables (edge_id, navigable_id) VALUES(117, 1);
INSERT INTO edges (id) VALUES(60);
INSERT INTO points2edges (edge_id, point_id, succession) VALUES(60, 120, 0);
INSERT INTO points2edges (edge_id, point_id, succession) VALUES(60, 121, 1);
INSERT INTO edges2navigables (edge_id, navigable_id) VALUES(60, 1);
INSERT INTO edges (id) VALUES(83);
INSERT INTO points2edges (edge_id, point_id, succession) VALUES(83, 71, 0);
INSERT INTO points2edges (edge_id, point_id, succession) VALUES(83, 167, 1);
INSERT INTO edges2navigables (edge_id, navigable_id) VALUES(83, 1);
INSERT INTO edges (id) VALUES(81);
INSERT INTO points2edges (edge_id, point_id, succession) VALUES(81, 24, 0);
INSERT INTO points2edges (edge_id, point_id, succession) VALUES(81, 163, 1);
INSERT INTO edges2navigables (edge_id, navigable_id) VALUES(81, 1);
INSERT INTO edges (id) VALUES(46);
INSERT INTO points2edges (edge_id, point_id, succession) VALUES(46, 58, 0);
INSERT INTO points2edges (edge_id, point_id, succession) VALUES(46, 92, 1);
INSERT INTO edges2navigables (edge_id, navigable_id) VALUES(46, 1);
INSERT INTO walls (id) VALUES(59);
INSERT INTO walls (id) VALUES(48);
INSERT INTO walls (id) VALUES(84);
INSERT INTO walls (id) VALUES(98);
INSERT INTO walls (id) VALUES(68);
INSERT INTO walls (id) VALUES(95);
INSERT INTO walls (id) VALUES(56);
INSERT INTO walls (id) VALUES(66);
INSERT INTO walls (id) VALUES(70);
INSERT INTO walls (id) VALUES(80);
INSERT INTO walls (id) VALUES(94);
INSERT INTO walls (id) VALUES(52);
INSERT INTO walls (id) VALUES(64);
INSERT INTO walls (id) VALUES(57);
INSERT INTO walls (id) VALUES(99);
INSERT INTO walls (id) VALUES(107);
INSERT INTO walls (id) VALUES(116);
INSERT INTO walls (id) VALUES(85);
INSERT INTO walls (id) VALUES(109);
INSERT INTO walls (id) VALUES(90);
INSERT INTO walls (id) VALUES(74);
INSERT INTO walls (id) VALUES(54);
INSERT INTO walls (id) VALUES(96);
INSERT INTO walls (id) VALUES(110);
INSERT INTO walls (id) VALUES(63);
INSERT INTO walls (id) VALUES(92);
INSERT INTO walls (id) VALUES(49);
INSERT INTO walls (id) VALUES(100);
INSERT INTO walls (id) VALUES(105);
INSERT INTO walls (id) VALUES(104);
INSERT INTO walls (id) VALUES(91);
INSERT INTO walls (id) VALUES(115);
INSERT INTO walls (id) VALUES(112);
INSERT INTO walls (id) VALUES(76);
INSERT INTO walls (id) VALUES(77);
INSERT INTO walls (id) VALUES(114);
INSERT INTO walls (id) VALUES(58);
INSERT INTO walls (id) VALUES(86);
INSERT INTO walls (id) VALUES(75);
INSERT INTO walls (id) VALUES(79);
INSERT INTO walls (id) VALUES(69);
INSERT INTO walls (id) VALUES(67);
INSERT INTO walls (id) VALUES(111);
INSERT INTO walls (id) VALUES(78);
INSERT INTO walls (id) VALUES(71);
INSERT INTO walls (id) VALUES(51);
INSERT INTO walls (id) VALUES(55);
INSERT INTO walls (id) VALUES(82);
INSERT INTO walls (id) VALUES(53);
INSERT INTO walls (id) VALUES(106);
INSERT INTO walls (id) VALUES(62);
INSERT INTO walls (id) VALUES(113);
INSERT INTO walls (id) VALUES(97);
INSERT INTO walls (id) VALUES(87);
INSERT INTO walls (id) VALUES(101);
INSERT INTO walls (id) VALUES(61);
INSERT INTO walls (id) VALUES(72);
INSERT INTO walls (id) VALUES(103);
INSERT INTO walls (id) VALUES(50);
INSERT INTO walls (id) VALUES(73);
INSERT INTO walls (id) VALUES(89);
INSERT INTO walls (id) VALUES(102);
INSERT INTO walls (id) VALUES(65);
INSERT INTO walls (id) VALUES(88);
INSERT INTO walls (id) VALUES(108);
INSERT INTO walls (id) VALUES(93);
INSERT INTO walls (id) VALUES(117);
INSERT INTO walls (id) VALUES(60);
INSERT INTO walls (id) VALUES(83);
INSERT INTO walls (id) VALUES(81);
INSERT INTO boundaries (id, duration) VALUES(43, 81);
INSERT INTO boundaries (id, duration) VALUES(33, 47);
INSERT INTO boundaries (id, duration) VALUES(32, 39);
INSERT INTO boundaries (id, duration) VALUES(38, 53);
INSERT INTO boundaries (id, duration) VALUES(34, 72);
INSERT INTO boundaries (id, duration) VALUES(41, 33);
INSERT INTO boundaries (id, duration) VALUES(44, 41);
INSERT INTO boundaries (id, duration) VALUES(47, 48);
INSERT INTO boundaries (id, duration) VALUES(36, 63);
INSERT INTO boundaries (id, duration) VALUES(42, 62);
INSERT INTO boundaries (id, duration) VALUES(45, 76);
INSERT INTO boundaries (id, duration) VALUES(40, 69);
INSERT INTO boundaries (id, duration) VALUES(35, 45);
INSERT INTO boundaries (id, duration) VALUES(31, 40);
INSERT INTO boundaries (id, duration) VALUES(30, 87);
INSERT INTO boundaries (id, duration) VALUES(39, 74);
INSERT INTO boundaries (id, duration) VALUES(37, 69);
INSERT INTO boundaries (id, duration) VALUES(46, 64);
INSERT INTO boundaries (id, duration) VALUES(127, 52);
INSERT INTO boundaries (id, duration) VALUES(152, 75);
INSERT INTO boundaries (id, duration) VALUES(137, 44);
INSERT INTO boundaries (id, duration) VALUES(129, 33);
INSERT INTO boundaries (id, duration) VALUES(121, 64);
INSERT INTO boundaries (id, duration) VALUES(120, 43);
INSERT INTO boundaries (id, duration) VALUES(142, 72);
INSERT INTO boundaries (id, duration) VALUES(134, 80);
INSERT INTO boundaries (id, duration) VALUES(150, 52);
INSERT INTO boundaries (id, duration) VALUES(146, 32);
INSERT INTO boundaries (id, duration) VALUES(126, 37);
INSERT INTO boundaries (id, duration) VALUES(125, 54);
INSERT INTO boundaries (id, duration) VALUES(149, 63);
INSERT INTO boundaries (id, duration) VALUES(144, 85);
INSERT INTO boundaries (id, duration) VALUES(130, 85);
INSERT INTO boundaries (id, duration) VALUES(118, 32);
INSERT INTO boundaries (id, duration) VALUES(139, 37);
INSERT INTO boundaries (id, duration) VALUES(141, 53);
INSERT INTO boundaries (id, duration) VALUES(140, 79);
INSERT INTO boundaries (id, duration) VALUES(122, 44);
INSERT INTO boundaries (id, duration) VALUES(135, 54);
INSERT INTO boundaries (id, duration) VALUES(119, 82);
INSERT INTO boundaries (id, duration) VALUES(147, 78);
INSERT INTO boundaries (id, duration) VALUES(132, 87);
INSERT INTO boundaries (id, duration) VALUES(136, 73);
INSERT INTO boundaries (id, duration) VALUES(123, 44);
INSERT INTO boundaries (id, duration) VALUES(138, 83);
INSERT INTO boundaries (id, duration) VALUES(148, 83);
INSERT INTO boundaries (id, duration) VALUES(151, 56);
INSERT INTO boundaries (id, duration) VALUES(145, 63);
INSERT INTO boundaries (id, duration) VALUES(128, 64);
INSERT INTO boundaries (id, duration) VALUES(131, 56);
INSERT INTO boundaries (id, duration) VALUES(124, 47);
INSERT INTO boundaries (id, duration) VALUES(133, 61);
INSERT INTO boundaries (id, duration) VALUES(143, 68);
